external_id,SMILES,original_format_type,value,units,source,measurement_type,reference,is_open,is_predicted
1,C(CCl)Cl,SMILES,-0.14,log units,Muehlbacher2008,logBB,Muehlbacher_2011,TRUE,FALSE
2,CC(=O)C,SMILES,-0.15,log units,Muehlbacher2008,logBB,Muehlbacher_2011,TRUE,FALSE
3,C1=CC=CC=C1,SMILES,0.35,log units,Muehlbacher2008,logBB,Muehlbacher_2011,TRUE,FALSE
4,CCCCO,SMILES,-0.02,log units,Muehlbacher2008,logBB,Muehlbacher_2011,TRUE,FALSE
5,C,SMILES,0.03,log units,Muehlbacher2008,logBB,Muehlbacher_2011,TRUE,FALSE
6,C1=CC=C(C(=C1)C(=O)O)O,SMILES,-1.11,log units,Muehlbacher2008,logBB,Muehlbacher_2011,TRUE,FALSE
7,CCCCCCCC,SMILES,0.69,log units,Muehlbacher2008,logBB,Muehlbacher_2011,TRUE,FALSE
8,CN1C(CCC1=O)C2=CN=CC=C2,SMILES,-0.22,log units,Muehlbacher2008,logBB,Muehlbacher_2011,TRUE,FALSE
9,C1CC(NC1)C2=CN=CC=C2,SMILES,0.32,log units,Muehlbacher2008,logBB,Muehlbacher_2011,TRUE,FALSE
10,CC(C(=O)C1=CC(=CC=C1)Cl)NC(C)(C)C,SMILES,1.4,log units,Muehlbacher2008,logBB,Muehlbacher_2011,TRUE,FALSE
11,CCO,SMILES,-0.16,log units,Muehlbacher2008,logBB,Muehlbacher_2011,TRUE,FALSE
12,CO,SMILES,0.02,log units,Muehlbacher2008,logBB,Muehlbacher_2011,TRUE,FALSE
13,CN1CCCC1C2=CN=CC=C2,SMILES,0.38,log units,Muehlbacher2008,logBB,Muehlbacher_2011,TRUE,FALSE
14,N#N,SMILES,0.03,log units,Muehlbacher2008,logBB,Muehlbacher_2011,TRUE,FALSE
15,N#[N+][O-],SMILES,0.03,log units,Muehlbacher2008,logBB,Muehlbacher_2011,TRUE,FALSE
16,O,SMILES,-0.04,log units,Muehlbacher2008,logBB,Muehlbacher_2011,TRUE,FALSE
17,CCCO,SMILES,-0.15,log units,Muehlbacher2008,logBB,Muehlbacher_2011,TRUE,FALSE
18,CC1=CC=CC=C1,SMILES,0.36,log units,Muehlbacher2008,logBB,Muehlbacher_2011,TRUE,FALSE
19,C(=O)(N)N,SMILES,-0.14,log units,Muehlbacher2008,logBB,Muehlbacher_2011,TRUE,FALSE
20,CC(CC1=CC=CC=C1)NC,SMILES,0.95,log units,Muehlbacher2008,logBB,Muehlbacher_2011,TRUE,FALSE
21,CCC(C)N(C)C(=O)C1=CC2=CC=CC=C2C(=N1)C3=CC=CC=C3Cl,SMILES,0.48,log units,Muehlbacher2008,logBB,Muehlbacher_2011,TRUE,FALSE
22,C1=CC=C(C=C1)C2(C(=O)NC(=O)N2)C3=CC=CC=C3,SMILES,-0.05,log units,Muehlbacher2008,logBB,Muehlbacher_2011,TRUE,FALSE
23,C1CCC2=NC3=CC=CC=C3C(=C2C1)N,SMILES,-0.12,log units,Muehlbacher2008,logBB,Muehlbacher_2011,TRUE,FALSE
24,CCCC(=O)NC1=CC(=C(C=C1)OCC(CNC(C)C)O)C(=O)C,SMILES,-0.15,log units,Muehlbacher2008,logBB,Muehlbacher_2011,TRUE,FALSE
25,CC(=O)NC1=CC=C(C=C1)O,SMILES,-0.37,log units,Muehlbacher2008,logBB,Muehlbacher_2011,TRUE,FALSE
26,C1=NC2=C(N1COCCO)NC(=NC2=O)N,SMILES,-0.84,log units,Muehlbacher2008,logBB,Muehlbacher_2011,TRUE,FALSE
27,CC(C)(C)NCC(C1=CC(=C(C=C1)O)CO)O,SMILES,-1.14,log units,Muehlbacher2008,logBB,Muehlbacher_2011,TRUE,FALSE
28,CC1=NN=C2N1C3=C(C=C(C=C3)Cl)C(=NC2)C4=CC=CC=C4,SMILES,0.02,log units,Muehlbacher2008,logBB,Muehlbacher_2011,TRUE,FALSE
29,CC(C)NCC(COC1=CC=CC=C1CC=C)O,SMILES,-0.23,log units,Muehlbacher2008,logBB,Muehlbacher_2011,TRUE,FALSE
30,CN1C2=C(C(=O)N(C1=O)C)NC=N2,SMILES,-0.32,log units,Muehlbacher2008,logBB,Muehlbacher_2011,TRUE,FALSE
31,CN(C)CCC=C1C2=CC=CC=C2CCC3=CC=CC=C31,SMILES,0.9,log units,Muehlbacher2008,logBB,Muehlbacher_2011,TRUE,FALSE
32,CCC1(C(=O)NC(=O)NC1=O)CCC(C)C,SMILES,0.11,log units,Muehlbacher2008,logBB,Muehlbacher_2011,TRUE,FALSE
33,CC1=CC(=O)N(N1C)C2=CC=CC=C2,SMILES,-0.11,log units,Muehlbacher2008,logBB,Muehlbacher_2011,TRUE,FALSE
34,CC(=O)OC1=CC=CC=C1C(=O)O,SMILES,-0.61,log units,Muehlbacher2008,logBB,Muehlbacher_2011,TRUE,FALSE
35,CC(C)NCC(COC1=CC=C(C=C1)CC(=O)N)O,SMILES,-1.14,log units,Muehlbacher2008,logBB,Muehlbacher_2011,TRUE,FALSE
36,CCC1(C(=O)NC(=O)NC1=O)CC,SMILES,-0.14,log units,Muehlbacher2008,logBB,Muehlbacher_2011,TRUE,FALSE
37,CCOC(=O)C1=CC=C(C=C1)N,SMILES,0.27,log units,Muehlbacher2008,logBB,Muehlbacher_2011,TRUE,FALSE
38,CNCCC1=CC=CC=N1,SMILES,-0.34,log units,Muehlbacher2008,logBB,Muehlbacher_2011,TRUE,FALSE
39,CC(C)NCC(COC1=CC=C(C=C1)CCOCC2CC2)O,SMILES,0.39,log units,Muehlbacher2008,logBB,Muehlbacher_2011,TRUE,FALSE
40,C1CCN(CC1)CCC(C2CC3CC2C=C3)(C4=CC=CC=C4)O,SMILES,0.85,log units,Muehlbacher2008,logBB,Muehlbacher_2011,TRUE,FALSE
41,CC(C)CC1C(=O)N2CCCC2C3(N1C(=O)C(O3)(C(C)C)NC(=O)C4CN(C5CC6=C(NC7=CC=CC(=C67)C5=C4)Br)C)O,SMILES,-1.1,log units,Muehlbacher2008,logBB,Muehlbacher_2011,TRUE,FALSE
42,C1CN(CCC1(C2=CC=C(C=C2)Br)O)CCCC(=O)C3=CC=C(C=C3)F,SMILES,1.38,log units,Muehlbacher2008,logBB,Muehlbacher_2011,TRUE,FALSE
43,CC(C)(C)NCC(COC1=CC=CC=C1C#N)O,SMILES,0.38,log units,Muehlbacher2008,logBB,Muehlbacher_2011,TRUE,FALSE
44,C1CCC2(C1)CC(=O)N(C(=O)C2)CCCCN3CCN(CC3)C4=NC=CC=N4,SMILES,0.49,log units,Muehlbacher2008,logBB,Muehlbacher_2011,TRUE,FALSE
45,CCCCOC(=O)C1=CC=C(C=C1)N,SMILES,0.42,log units,Muehlbacher2008,logBB,Muehlbacher_2011,TRUE,FALSE
46,CN1C=NC2=C1C(=O)N(C(=O)N2C)C,SMILES,-0.04,log units,Muehlbacher2008,logBB,Muehlbacher_2011,TRUE,FALSE
47,CC(C)C(CCCN(C)CCC1=CC(=C(C=C1)OC)OC)(C#N)C2=CC(=C(C=C2)OC)OC,SMILES,-0.64,log units,Muehlbacher2008,logBB,Muehlbacher_2011,TRUE,FALSE
48,C1=CC=C2C(=C1)C=CC3=CC=CC=C3N2C(=O)N,SMILES,-0.04,log units,Muehlbacher2008,logBB,Muehlbacher_2011,TRUE,FALSE
49,C1=CC=C2C(=C1)C3C(O3)C4=CC=CC=C4N2C(=O)N,SMILES,-0.34,log units,Muehlbacher2008,logBB,Muehlbacher_2011,TRUE,FALSE
50,C(CCl)NC(=O)N(CCCl)N=O,SMILES,-0.52,log units,Muehlbacher2008,logBB,Muehlbacher_2011,TRUE,FALSE
51,CC(C)(C)NCC(COC1=CC=CC2=C1CCC(=O)N2)O,SMILES,0.01,log units,Muehlbacher2008,logBB,Muehlbacher_2011,TRUE,FALSE
52,C1CN(CCN1CCOCC(=O)O)C(C2=CC=CC=C2)C3=CC=C(C=C3)Cl,SMILES,-2.15,log units,Muehlbacher2008,logBB,Muehlbacher_2011,TRUE,FALSE
53,C1=CC(=CC=C1CCCC(=O)O)N(CCCl)CCCl,SMILES,-1.7,log units,Muehlbacher2008,logBB,Muehlbacher_2011,TRUE,FALSE
54,CN(C)CCCN1C2=CC=CC=C2SC3=C1C=C(C=C3)Cl,SMILES,1.02,log units,Muehlbacher2008,logBB,Muehlbacher_2011,TRUE,FALSE
55,CC1=C(N=CN1)CSCCNC(=NC)NC#N,SMILES,-1.06,log units,Muehlbacher2008,logBB,Muehlbacher_2011,TRUE,FALSE
56,CN1C(=O)CC(=O)N(C2=C1C=CC(=C2)Cl)C3=CC=CC=C3,SMILES,0.36,log units,Muehlbacher2008,logBB,Muehlbacher_2011,TRUE,FALSE
57,C1CN=C(N1)NC2=C(C=CC=C2Cl)Cl,SMILES,0.12,log units,Muehlbacher2008,logBB,Muehlbacher_2011,TRUE,FALSE
58,CNCCCN1C2=CC=CC=C2CCC3=CC=CC=C31,SMILES,1.08,log units,Muehlbacher2008,logBB,Muehlbacher_2011,TRUE,FALSE
59,C1C(=O)NC2=C(C=C(C=C2)Cl)C(=N1)C3=CC=CC=C3,SMILES,0.52,log units,Muehlbacher2008,logBB,Muehlbacher_2011,TRUE,FALSE
60,CC(CC1=CC=CC=C1)N,SMILES,0.93,log units,Muehlbacher2008,logBB,Muehlbacher_2011,TRUE,FALSE
61,CN1C(=O)CN=C(C2=C1C=CC(=C2)Cl)C3=CC=CC=C3,SMILES,0.47,log units,Muehlbacher2008,logBB,Muehlbacher_2011,TRUE,FALSE
62,C1CC(OC1CO)N2C=NC3=C2NC=NC3=O,SMILES,-1.3,log units,Muehlbacher2008,logBB,Muehlbacher_2011,TRUE,FALSE
63,CN(C)CCOC(C1=CC=CC=C1)C2=CC=CC=C2,SMILES,1.26,log units,Muehlbacher2008,logBB,Muehlbacher_2011,TRUE,FALSE
64,CCCC(CCC)C(=O)O,SMILES,-0.41,log units,Muehlbacher2008,logBB,Muehlbacher_2011,TRUE,FALSE
65,C1CN(CCC1N2C3=C(C=C(C=C3)Cl)NC2=O)CCCN4C5=CC=CC=C5NC4=O,SMILES,-0.85,log units,Muehlbacher2008,logBB,Muehlbacher_2011,TRUE,FALSE
66,COC1=C(C=C2C(=C1)CC(C2=O)CC3CCN(CC3)CC4=CC=CC=C4)OC,SMILES,0.89,log units,Muehlbacher2008,logBB,Muehlbacher_2011,TRUE,FALSE
67,CC(C1=CC=CC=C1)(C2=CC=CC=N2)OCCN(C)C,SMILES,0.64,log units,Muehlbacher2008,logBB,Muehlbacher_2011,TRUE,FALSE
68,C(C(OC(F)F)(F)F)(F)Cl,SMILES,0.22,log units,Muehlbacher2008,logBB,Muehlbacher_2011,TRUE,FALSE
69,CC1(C2CCC3(C(C2(CCC1O)C)C(=O)C=C4C3(CCC5(C4CC(CC5)(C)C(=O)O)C)C)C)C,SMILES,-1.4,log units,Muehlbacher2008,logBB,Muehlbacher_2011,TRUE,FALSE
70,CCOC1=CC=CC=C1C(=O)N,SMILES,-0.05,log units,Muehlbacher2008,logBB,Muehlbacher_2011,TRUE,FALSE
71,CCOCC,SMILES,0,log units,Muehlbacher2008,logBB,Muehlbacher_2011,TRUE,FALSE
72,CCC1=CC=CC2=C1NC3=C2CCOC3(CC)CC(=O)O,SMILES,-1.42,log units,Muehlbacher2008,logBB,Muehlbacher_2011,TRUE,FALSE
73,CC1OCC2C(O1)C(C(C(O2)OC3C4COC(=O)C4C(C5=CC6=C(C=C35)OCO6)C7=CC(=C(C(=C7)OC)O)OC)O)O,SMILES,-2,log units,Muehlbacher2008,logBB,Muehlbacher_2011,TRUE,FALSE
74,CCC(=O)N(C1CCN(CC1)CCC2=CC=CC=C2)C3=CC=CC=C3,SMILES,0.59,log units,Muehlbacher2008,logBB,Muehlbacher_2011,TRUE,FALSE
75,CC(C)(C1=CC=C(C=C1)C(CCCN2CCC(CC2)C(C3=CC=CC=C3)(C4=CC=CC=C4)O)O)C(=O)O,SMILES,-0.98,log units,Muehlbacher2008,logBB,Muehlbacher_2011,TRUE,FALSE
76,C1CN(CCN1CCCN2C3=CC=CC=C3SC4=C2C=C(C=C4)C(F)(F)F)CCO,SMILES,1.51,log units,Muehlbacher2008,logBB,Muehlbacher_2011,TRUE,FALSE
77,CCOC(=O)C1=C2CN(C(=O)C3=C(N2C=N1)C=CC(=C3)F)C,SMILES,-0.29,log units,Muehlbacher2008,logBB,Muehlbacher_2011,TRUE,FALSE
78,CN1C(=O)CN=C(C2=C1C=CC(=C2)[N+](=O)[O-])C3=CC=CC=C3F,SMILES,0.07,log units,Muehlbacher2008,logBB,Muehlbacher_2011,TRUE,FALSE
79,CNCCC(C1=CC=CC=C1)OC2=CC=C(C=C2)C(F)(F)F,SMILES,0.72,log units,Muehlbacher2008,logBB,Muehlbacher_2011,TRUE,FALSE
80,C1=CC(=C(C=C1O)C(=O)O)O,SMILES,0.09,log units,Muehlbacher2008,logBB,Muehlbacher_2011,TRUE,FALSE
81,CN1C2CCCC1CC(C2)NC(=O)C3=NN(C4=CC=CC=C43)C,SMILES,-0.69,log units,Muehlbacher2008,logBB,Muehlbacher_2011,TRUE,FALSE
82,C1CN(CCC1(C2=CC=C(C=C2)Cl)O)CCCC(=O)C3=CC=C(C=C3)F,SMILES,1.33,log units,Muehlbacher2008,logBB,Muehlbacher_2011,TRUE,FALSE
83,C(C(F)(F)F)(Cl)Br,SMILES,0.32,log units,Muehlbacher2008,logBB,Muehlbacher_2011,TRUE,FALSE
84,CC1(C(=O)NC(=O)N(C1=O)C)C2=CCCCC2,SMILES,0.03,log units,Muehlbacher2008,logBB,Muehlbacher_2011,TRUE,FALSE
85,C1CN(CCN1CCOCCO)C(C2=CC=CC=C2)C3=CC=C(C=C3)Cl,SMILES,0.36,log units,Muehlbacher2008,logBB,Muehlbacher_2011,TRUE,FALSE
86,CC(C)CC1=CC=C(C=C1)C(C)C(=O)O,SMILES,-0.18,log units,Muehlbacher2008,logBB,Muehlbacher_2011,TRUE,FALSE
87,CCN(CC)CC(=O)NC1=C(C=CC=C1C)C,SMILES,0.34,log units,Muehlbacher2008,logBB,Muehlbacher_2011,TRUE,FALSE
88,CN(C)CCCN1C2=CC=CC=C2CCC3=CC=CC=C31,SMILES,0.98,log units,Muehlbacher2008,logBB,Muehlbacher_2011,TRUE,FALSE
89,CC1=C(C2=C(N1C(=O)C3=CC=C(C=C3)Cl)C=CC(=C2)OC)CC(=O)O,SMILES,-1.26,log units,Muehlbacher2008,logBB,Muehlbacher_2011,TRUE,FALSE
90,C(C(F)(F)F)(OC(F)F)Cl,SMILES,0.37,log units,Muehlbacher2008,logBB,Muehlbacher_2011,TRUE,FALSE
91,CC(C)O,SMILES,-0.15,log units,Muehlbacher2008,logBB,Muehlbacher_2011,TRUE,FALSE
92,C1=CC(=C(C(=C1)Cl)Cl)C2=C(N=C(N=N2)N)N,SMILES,0.29,log units,Muehlbacher2008,logBB,Muehlbacher_2011,TRUE,FALSE
93,CN(C)C(=O)C(CCN1CCC(CC1)(C2=CC=C(C=C2)Cl)O)(C3=CC=CC=C3)C4=CC=CC=C4,SMILES,0.77,log units,Muehlbacher2008,logBB,Muehlbacher_2011,TRUE,FALSE
94,C1=CC=C(C(=C1)C2=NC(C(=O)NC3=C2C=C(C=C3)Cl)O)Cl,SMILES,0.44,log units,Muehlbacher2008,logBB,Muehlbacher_2011,TRUE,FALSE
95,C1CCNC(C1)C(C2=CC(=NC3=C2C=CC=C3C(F)(F)F)C(F)(F)F)O,SMILES,0.63,log units,Muehlbacher2008,logBB,Muehlbacher_2011,TRUE,FALSE
96,CN1CCCCC1CCN2C3=CC=CC=C3SC4=C2C=C(C=C4)S(=O)C,SMILES,-0.28,log units,Muehlbacher2008,logBB,Muehlbacher_2011,TRUE,FALSE
97,CN(CC1=CN=C2C(=N1)C(=NC(=N2)N)N)C3=CC=C(C=C3)C(=O)NC(CCC(=O)O)C(=O)O,SMILES,-1.51,log units,Muehlbacher2008,logBB,Muehlbacher_2011,TRUE,FALSE
98,COC(C(Cl)Cl)(F)F,SMILES,0.23,log units,Muehlbacher2008,logBB,Muehlbacher_2011,TRUE,FALSE
99,CC(C)NCC(COC1=CC=C(C=C1)CCOC)O,SMILES,1.15,log units,Muehlbacher2008,logBB,Muehlbacher_2011,TRUE,FALSE
100,CN1CCN2C(C1)C3=CC=CC=C3CC4=CC=CC=C42,SMILES,0.99,log units,Muehlbacher2008,logBB,Muehlbacher_2011,TRUE,FALSE
101,CC1=NC=C2N1C3=C(C=C(C=C3)Cl)C(=NC2)C4=CC=CC=C4F,SMILES,0.37,log units,Muehlbacher2008,logBB,Muehlbacher_2011,TRUE,FALSE
102,CN1CCN2C(C1)C3=CC=CC=C3CC4=C2N=CC=C4,SMILES,0.53,log units,Muehlbacher2008,logBB,Muehlbacher_2011,TRUE,FALSE
103,CCN1C=C(C(=O)C2=C1N=C(C=C2)C)C(=O)O,SMILES,-0.66,log units,Muehlbacher2008,logBB,Muehlbacher_2011,TRUE,FALSE
104,CC1=C2C(=NC=C1)N(C3=C(C=CC=N3)C(=O)N2)C4CC4,SMILES,0,log units,Muehlbacher2008,logBB,Muehlbacher_2011,TRUE,FALSE
105,CC1=CC2=C(NC3=CC=CC=C3N=C2S1)N4CCN(CC4)C,SMILES,0.78,log units,Muehlbacher2008,logBB,Muehlbacher_2011,TRUE,FALSE
106,CC1=CN=C(C(=C1OC)C)CS(=O)C2=NC3=C(N2)C=C(C=C3)OC,SMILES,-0.82,log units,Muehlbacher2008,logBB,Muehlbacher_2011,TRUE,FALSE
107,C1=CC=C(C=C1)C2=NC(C(=O)NC3=C2C=C(C=C3)Cl)O,SMILES,0.6,log units,Muehlbacher2008,logBB,Muehlbacher_2011,TRUE,FALSE
108,CN1C=NC2=C1C(=O)N(C(=O)N2)C,SMILES,0.07,log units,Muehlbacher2008,logBB,Muehlbacher_2011,TRUE,FALSE
109,CC1C2CC3=C(C1(CCN2CC=C(C)C)C)C=C(C=C3)O,SMILES,0.51,log units,Muehlbacher2008,logBB,Muehlbacher_2011,TRUE,FALSE
110,CCCC(C)C1(C(=O)NC(=O)NC1=O)CC,SMILES,0.08,log units,Muehlbacher2008,logBB,Muehlbacher_2011,TRUE,FALSE
111,CCCCC1C(=O)N(N(C1=O)C2=CC=CC=C2)C3=CC=CC=C3,SMILES,-0.52,log units,Muehlbacher2008,logBB,Muehlbacher_2011,TRUE,FALSE
112,CC(C)NCC(COC1=CC=CC2=C1C=CN2)O,SMILES,-0.14,log units,Muehlbacher2008,logBB,Muehlbacher_2011,TRUE,FALSE
113,CCC1(C(=O)NCNC1=O)C2=CC=CC=C2,SMILES,-0.07,log units,Muehlbacher2008,logBB,Muehlbacher_2011,TRUE,FALSE
114,CCN(CC)CCOC(=O)C1=CC=C(C=C1)N,SMILES,0.05,log units,Muehlbacher2008,logBB,Muehlbacher_2011,TRUE,FALSE
115,CN(C)CCCN1C2=CC=CC=C2SC3=CC=CC=C31,SMILES,1.08,log units,Muehlbacher2008,logBB,Muehlbacher_2011,TRUE,FALSE
116,CC(C)C1=C(C(=CC=C1)C(C)C)O,SMILES,0.63,log units,Muehlbacher2008,logBB,Muehlbacher_2011,TRUE,FALSE
117,CC(C)NCC(COC1=CC=CC2=CC=CC=C21)O,SMILES,0.84,log units,Muehlbacher2008,logBB,Muehlbacher_2011,TRUE,FALSE
118,CN(C)CCN(CC1=CC=C(C=C1)OC)C2=CC=CC=N2,SMILES,0.49,log units,Muehlbacher2008,logBB,Muehlbacher_2011,TRUE,FALSE
119,CNC(=C[N+](=O)[O-])NCCSCC1=CC=C(O1)CN(C)C,SMILES,-1.23,log units,Muehlbacher2008,logBB,Muehlbacher_2011,TRUE,FALSE
120,C1=NC(=NN1C2C(C(C(O2)CO)O)O)C(=O)N,SMILES,-0.67,log units,Muehlbacher2008,logBB,Muehlbacher_2011,TRUE,FALSE
121,CC1=C(C(=O)N2CCCCC2=N1)CCN3CCC(CC3)C4=NOC5=C4C=CC(=C5)F,SMILES,-0.02,log units,Muehlbacher2008,logBB,Muehlbacher_2011,TRUE,FALSE
122,COC1=C(C=C(C=C1)C2CC(=O)NC2)OC3CCCC3,SMILES,0.61,log units,Muehlbacher2008,logBB,Muehlbacher_2011,TRUE,FALSE
123,CCCN(CCC)CCC1=C2CC(=O)NC2=CC=C1,SMILES,0.08,log units,Muehlbacher2008,logBB,Muehlbacher_2011,TRUE,FALSE
124,CSC(=N)N,SMILES,-0.6,log units,Muehlbacher2008,logBB,Muehlbacher_2011,TRUE,FALSE
125,CC1=CN(C(=O)NC1=O)C2C=CC(O2)CO,SMILES,-0.48,log units,Muehlbacher2008,logBB,Muehlbacher_2011,TRUE,FALSE
126,CN1C2CC(CC1C3C2O3)OC(=O)C(CO)C4=CC=CC=C4,SMILES,0.23,log units,Muehlbacher2008,logBB,Muehlbacher_2011,TRUE,FALSE
127,CCCC(C)C1(C(=O)NC(=O)NC1=O)CC=C,SMILES,0.2,log units,Muehlbacher2008,logBB,Muehlbacher_2011,TRUE,FALSE
128,C(OC(C(F)(F)F)C(F)(F)F)F,SMILES,0.3,log units,Muehlbacher2008,logBB,Muehlbacher_2011,TRUE,FALSE
129,CC(C)NCC(C1=CC=C(C=C1)NS(=O)(=O)C)O,SMILES,-0.28,log units,Muehlbacher2008,logBB,Muehlbacher_2011,TRUE,FALSE
130,C1CN(CCC12C(=O)NCN2C3=CC=CC=C3)CCCC(=O)C4=CC=C(C=C4)F,SMILES,0.26,log units,Muehlbacher2008,logBB,Muehlbacher_2011,TRUE,FALSE
131,CC(C)(C)C#CC=CCN(C)CC1=CC=CC2=CC=CC=C21,SMILES,0.08,log units,Muehlbacher2008,logBB,Muehlbacher_2011,TRUE,FALSE
132,CC(C)(C)C1=CC=C(C=C1)C(CCCN2CCC(CC2)C(C3=CC=CC=C3)(C4=CC=CC=C4)O)O,SMILES,0.64,log units,Muehlbacher2008,logBB,Muehlbacher_2011,TRUE,FALSE
133,[Kr],SMILES,-0.16,log units,Muehlbacher2008,logBB,Muehlbacher_2011,TRUE,FALSE
134,CN1C=NC2=C1C(=O)NC(=O)N2C,SMILES,-0.29,log units,Muehlbacher2008,logBB,Muehlbacher_2011,TRUE,FALSE
135,CN1CCCCC1CCN2C3=CC=CC=C3SC4=C2C=C(C=C4)SC,SMILES,0.26,log units,Muehlbacher2008,logBB,Muehlbacher_2011,TRUE,FALSE
136,CC1=C(C(CCC1)(C)C)C=CC(=CC=CC(=CC(=O)O)C)C,SMILES,-0.49,log units,Muehlbacher2008,logBB,Muehlbacher_2011,TRUE,FALSE
137,CC1=NN=C2N1C3=C(C=C(C=C3)Cl)C(=NC2)C4=CC=CC=C4Cl,SMILES,0.67,log units,Muehlbacher2008,logBB,Muehlbacher_2011,TRUE,FALSE
138,CN1CCN(CC1)CCCN2C3=CC=CC=C3SC4=C2C=C(C=C4)C(F)(F)F,SMILES,1.43,log units,Muehlbacher2008,logBB,Muehlbacher_2011,TRUE,FALSE
139,CN(C)CCCN1C2=CC=CC=C2SC3=C1C=C(C=C3)C(F)(F)F,SMILES,1.44,log units,Muehlbacher2008,logBB,Muehlbacher_2011,TRUE,FALSE
140,CC1=CN(C(=O)NC1=O)C2CC(C(O2)CO)N=[N+]=[N-],SMILES,-0.74,log units,Muehlbacher2008,logBB,Muehlbacher_2011,TRUE,FALSE
141,CC1=CC=C(C=C1)C2=C(N3C=C(C=CC3=N2)C)CC(=O)N(C)C,SMILES,-0.48,log units,Muehlbacher2008,logBB,Muehlbacher_2011,TRUE,FALSE
142,CN1C2CCC1C(C(C2)OC(=O)C3=CC=CC=C3)C(=O)OC,SMILES,0.6,log units,Muehlbacher2008,logBB,Muehlbacher_2011,TRUE,FALSE
143,CN1C2CC(CC1C3C2O3)OC(=O)C(CO)C4=CC=CC=C4,SMILES,0.23,log units,Muehlbacher2008,logBB,Muehlbacher_2011,TRUE,FALSE
144,C1CCC2=NN=NN2CC1,SMILES,-0.03,log units,Muehlbacher2008,logBB,Muehlbacher_2011,TRUE,FALSE
145,COC1=CC2=C(C=CN=C2C=C1)C(C3CC4CCN3CC4C=C)O,SMILES,-0.21,log units,Muehlbacher2008,logBB,Muehlbacher_2011,TRUE,FALSE
146,CCC1(CC2CC(C3=C(CCN(C2)C1)C4=CC=CC=C4N3)(C5=C(C=C6C(=C5)C78CCN9C7C(C=CC9)(C(C(C8N6C=O)(C(=O)OC)O)OC(=O)C)CC)OC)C(=O)OC)O,SMILES,-1.03,log units,Muehlbacher2008,logBB,Muehlbacher_2011,TRUE,FALSE
147,CC12CCN(C1N(C3=C2C=C(C=C3)OC(=O)NC)C)C,SMILES,0.08,log units,Muehlbacher2008,logBB,Muehlbacher_2011,TRUE,FALSE
148,CC1=C(C(=O)N(N1C)C2=CC=CC=C2)N(C)C,SMILES,0,log units,Muehlbacher2008,logBB,Muehlbacher_2011,TRUE,FALSE
149,C1=CC(=C(C=C1CC(C(=O)O)N)O)O,SMILES,-0.78,log units,Muehlbacher2008,logBB,Muehlbacher_2011,TRUE,FALSE
150,CCCCN1CC2CC3=CC(=C(C=C3C2C1)OC)OC.Cl,SMILES,0.31,log units,Muehlbacher2008,logBB,Muehlbacher_2011,TRUE,FALSE
151,C(Cl)(Cl)Cl,SMILES,0.26,log units,Muehlbacher2008,logBB,Muehlbacher_2011,TRUE,FALSE
152,C(C(C(C(C(CO)O)O)O)O)O,SMILES,-1.6,log units,Muehlbacher2008,logBB,Muehlbacher_2011,TRUE,FALSE
153,CCCCCO,SMILES,0.2,log units,Muehlbacher2008,logBB,Muehlbacher_2011,TRUE,FALSE
154,CC(Cl)(Cl)Cl,SMILES,0.24,log units,Muehlbacher2008,logBB,Muehlbacher_2011,TRUE,FALSE
155,C(Cl)Cl,SMILES,-0.17,log units,Muehlbacher2008,logBB,Muehlbacher_2011,TRUE,FALSE
156,C(=S)=S,SMILES,0.6,log units,Muehlbacher2008,logBB,Muehlbacher_2011,TRUE,FALSE
157,C1CC1,SMILES,0.03,log units,Muehlbacher2008,logBB,Muehlbacher_2011,TRUE,FALSE
158,C1CO1,SMILES,0.01,log units,Muehlbacher2008,logBB,Muehlbacher_2011,TRUE,FALSE
159,CC(C)Br,SMILES,0.56,log units,Muehlbacher2008,logBB,Muehlbacher_2011,TRUE,FALSE
160,CC(Cl)Cl,SMILES,-0.28,log units,Muehlbacher2008,logBB,Muehlbacher_2011,TRUE,FALSE
161,CC(C)(C)O,SMILES,0.11,log units,Muehlbacher2008,logBB,Muehlbacher_2011,TRUE,FALSE
162,CCC(C)(C)C,SMILES,1.03,log units,Muehlbacher2008,logBB,Muehlbacher_2011,TRUE,FALSE
163,CCC(C)(C)O,SMILES,0.07,log units,Muehlbacher2008,logBB,Muehlbacher_2011,TRUE,FALSE
164,C(C(F)(F)F)Cl,SMILES,-0.08,log units,Muehlbacher2008,logBB,Muehlbacher_2011,TRUE,FALSE
165,C1CCC(CC1)(C2=CC=CC=C2)N3CCCCC3,SMILES,0.58,log units,Muehlbacher2008,logBB,Muehlbacher_2011,TRUE,FALSE
166,CCCCC1(C(=O)NC(=O)NC1=O)CC,SMILES,0.19,log units,Muehlbacher2008,logBB,Muehlbacher_2011,TRUE,FALSE
167,CC(C)CO,SMILES,-0.17,log units,Muehlbacher2008,logBB,Muehlbacher_2011,TRUE,FALSE
168,CCC(=O)C,SMILES,-0.07,log units,Muehlbacher2008,logBB,Muehlbacher_2011,TRUE,FALSE
169,C(C(Cl)Cl)Cl,SMILES,-0.1,log units,Muehlbacher2008,logBB,Muehlbacher_2011,TRUE,FALSE
170,C(=C(Cl)Cl)Cl,SMILES,0.3,log units,Muehlbacher2008,logBB,Muehlbacher_2011,TRUE,FALSE
171,CC(=O)OC,SMILES,-0.13,log units,Muehlbacher2008,logBB,Muehlbacher_2011,TRUE,FALSE
172,CC(C)(C1=CC=C(C=C1)O)C2=CC=C(C=C2)O,SMILES,-0.12,log units,Muehlbacher2008,logBB,Muehlbacher_2011,TRUE,FALSE
173,CCCOC(=O)C1=CC=C(C=C1)N,SMILES,0.55,log units,Muehlbacher2008,logBB,Muehlbacher_2011,TRUE,FALSE
174,CC1=CC=CC=C1C,SMILES,0.39,log units,Muehlbacher2008,logBB,Muehlbacher_2011,TRUE,FALSE
175,CC1=CC(=C(C=C1)C)C,SMILES,0.16,log units,Muehlbacher2008,logBB,Muehlbacher_2011,TRUE,FALSE
176,CCC(C)CC,SMILES,1.01,log units,Muehlbacher2008,logBB,Muehlbacher_2011,TRUE,FALSE
177,CC1CCCC1,SMILES,0.93,log units,Muehlbacher2008,logBB,Muehlbacher_2011,TRUE,FALSE
178,CC(C)(C)C1=CC=CC=C1,SMILES,0.43,log units,Muehlbacher2008,logBB,Muehlbacher_2011,TRUE,FALSE
179,C1=CC(=CC=C1C(F)(F)F)Cl,SMILES,0.17,log units,Muehlbacher2008,logBB,Muehlbacher_2011,TRUE,FALSE
180,CCC1=CC=CC=C1,SMILES,0.22,log units,Muehlbacher2008,logBB,Muehlbacher_2011,TRUE,FALSE
181,C=CC1=CC=CC=C1,SMILES,0.45,log units,Muehlbacher2008,logBB,Muehlbacher_2011,TRUE,FALSE
182,CC(CC1CCCCC1)NC,SMILES,1.08,log units,Muehlbacher2008,logBB,Muehlbacher_2011,TRUE,FALSE
183,CC1=CC=C(C=C1)C,SMILES,0.33,log units,Muehlbacher2008,logBB,Muehlbacher_2011,TRUE,FALSE
184,CCCBr,SMILES,0.27,log units,Muehlbacher2008,logBB,Muehlbacher_2011,TRUE,FALSE
185,C=CC=C,SMILES,-0.17,log units,Muehlbacher2008,logBB,Muehlbacher_2011,TRUE,FALSE
186,C=CC#N,SMILES,-0.4,log units,Muehlbacher2008,logBB,Muehlbacher_2011,TRUE,FALSE
187,C#CCO,SMILES,-0.23,log units,Muehlbacher2008,logBB,Muehlbacher_2011,TRUE,FALSE
188,CCCC(C)C,SMILES,0.98,log units,Muehlbacher2008,logBB,Muehlbacher_2011,TRUE,FALSE
189,CCCC(=O)C,SMILES,-0.01,log units,Muehlbacher2008,logBB,Muehlbacher_2011,TRUE,FALSE
190,CC(C)OC(=O)C,SMILES,0.4,log units,Muehlbacher2008,logBB,Muehlbacher_2011,TRUE,FALSE
191,CC1=CC(=CC=C1)C,SMILES,0.28,log units,Muehlbacher2008,logBB,Muehlbacher_2011,TRUE,FALSE
192,CC1CCCCC1,SMILES,0.96,log units,Muehlbacher2008,logBB,Muehlbacher_2011,TRUE,FALSE
193,CCCOC(=O)C,SMILES,0.12,log units,Muehlbacher2008,logBB,Muehlbacher_2011,TRUE,FALSE
194,CCCCC,SMILES,0.75,log units,Muehlbacher2008,logBB,Muehlbacher_2011,TRUE,FALSE
195,CC(C)COC(=O)C,SMILES,0.45,log units,Muehlbacher2008,logBB,Muehlbacher_2011,TRUE,FALSE
196,CCCCCC,SMILES,0.78,log units,Muehlbacher2008,logBB,Muehlbacher_2011,TRUE,FALSE
197,C1CCCCC1,SMILES,0.96,log units,Muehlbacher2008,logBB,Muehlbacher_2011,TRUE,FALSE
198,CCCCCCC=C,SMILES,0.74,log units,Muehlbacher2008,logBB,Muehlbacher_2011,TRUE,FALSE
199,CCCCCCCCC,SMILES,0.52,log units,Muehlbacher2008,logBB,Muehlbacher_2011,TRUE,FALSE
200,CC=C,SMILES,-0.06,log units,Muehlbacher2008,logBB,Muehlbacher_2011,TRUE,FALSE
201,CC1=C(C(=O)N(N1C)C2=CC=CC=C2)I,SMILES,-0.1,log units,Muehlbacher2008,logBB,Muehlbacher_2011,TRUE,FALSE
202,CCC(C)CO,SMILES,0.04,log units,Muehlbacher2008,logBB,Muehlbacher_2011,TRUE,FALSE
203,CCOC(=O)C,SMILES,0,log units,Muehlbacher2008,logBB,Muehlbacher_2011,TRUE,FALSE
204,CCCCCCC,SMILES,0.76,log units,Muehlbacher2008,logBB,Muehlbacher_2011,TRUE,FALSE
205,CCCCCCC1(C(=O)NC(=O)NC1=O)CC,SMILES,0.36,log units,Muehlbacher2008,logBB,Muehlbacher_2011,TRUE,FALSE
206,CCC#CC(C)C1(C(=O)NC(=O)N(C1=O)C)CC=C,SMILES,-0.07,log units,Muehlbacher2008,logBB,Muehlbacher_2011,TRUE,FALSE
207,CN1CCC23C=CC(CC2OC4=C(C=CC(=C34)C1)OC)O,SMILES,0.32,log units,Muehlbacher2008,logBB,Muehlbacher_2011,TRUE,FALSE
208,C(=C(F)F)Cl,SMILES,-0.02,log units,Muehlbacher2008,logBB,Muehlbacher_2011,TRUE,FALSE
209,C=COCC(F)(F)F,SMILES,0.13,log units,Muehlbacher2008,logBB,Muehlbacher_2011,TRUE,FALSE
210,C1=CC=C(C(=C1)C(=O)NCC(=O)O)O,SMILES,-0.44,log units,Muehlbacher2008,logBB,Muehlbacher_2011,TRUE,FALSE
211,CC(CC1=CC=CC=C1)NC,SMILES,0.93,log units,Muehlbacher2008,logBB,Muehlbacher_2011,TRUE,FALSE
212,CC1CCCCC1C,SMILES,1.07,log units,Muehlbacher2008,logBB,Muehlbacher_2011,TRUE,FALSE
213,CCCC(C)CC,SMILES,0.9,log units,Muehlbacher2008,logBB,Muehlbacher_2011,TRUE,FALSE
214,CCCCCC(C)C,SMILES,0.86,log units,Muehlbacher2008,logBB,Muehlbacher_2011,TRUE,FALSE
215,CCCCCOC(=O)C,SMILES,0.4,log units,Muehlbacher2008,logBB,Muehlbacher_2011,TRUE,FALSE
216,C(C(Cl)(Cl)Cl)Cl,SMILES,0.33,log units,Muehlbacher2008,logBB,Muehlbacher_2011,TRUE,FALSE
217,CCOC(C)(C)C,SMILES,0.22,log units,Muehlbacher2008,logBB,Muehlbacher_2011,TRUE,FALSE
218,CCCC(=O)C1=CC2=C(C=C1)SC3=CC=CC=C3N2CCCN4CCN(CC4)C,SMILES,0.83,log units,Muehlbacher2008,logBB,Muehlbacher_2011,TRUE,FALSE
219,CCC1(CC2CC(C3=C(CCN(C2)C1)C4=CC=CC=C4N3)(C5=C(C=C6C(=C5)C78CCN9C7C(C=CC9)(C(C(C8N6C)(C(=O)OC)O)OC(=O)C)CC)OC)C(=O)OC)O,SMILES,-0.07,log units,Muehlbacher2008,logBB,Muehlbacher_2011,TRUE,FALSE
220,CCCCCCCC(C)C,SMILES,1.05,log units,Muehlbacher2008,logBB,Muehlbacher_2011,TRUE,FALSE
221,CCCCCCCCC=C,SMILES,0.96,log units,Muehlbacher2008,logBB,Muehlbacher_2011,TRUE,FALSE
222,CC(C)(C)OC,SMILES,0.36,log units,Muehlbacher2008,logBB,Muehlbacher_2011,TRUE,FALSE
223,CCCCCCCCCC,SMILES,0.67,log units,Muehlbacher2008,logBB,Muehlbacher_2011,TRUE,FALSE
224,FS(F)(F)(F)(F)F,SMILES,0.37,log units,Muehlbacher2008,logBB,Muehlbacher_2011,TRUE,FALSE
225,CC1=CC(=CC=C1)OCC(CNC(C)C)O,SMILES,0.34,log units,Muehlbacher2008,logBB,Muehlbacher_2011,TRUE,FALSE
226,CC(C)(C)C1CCCCC1,SMILES,0.61,log units,Muehlbacher2008,logBB,Muehlbacher_2011,TRUE,FALSE
227,CCCCCCC(C)C,SMILES,0.98,log units,Muehlbacher2008,logBB,Muehlbacher_2011,TRUE,FALSE
228,C1C2CNCC1C3=CC=CC(=O)N3C2,SMILES,-1.09,log units,Muehlbacher2008,logBB,Muehlbacher_2011,TRUE,FALSE
229,[Ne],SMILES,0.2,log units,Muehlbacher2008,logBB,Muehlbacher_2011,TRUE,FALSE
230,[Ar],SMILES,0.03,log units,Muehlbacher2008,logBB,Muehlbacher_2011,TRUE,FALSE
231,[Xe],SMILES,0.07,log units,Muehlbacher2008,logBB,Muehlbacher_2011,TRUE,FALSE
232,C1CC(OC1CO)N2C=CC(=NC2=O)N,SMILES,-1.18,log units,Muehlbacher2008,logBB,Muehlbacher_2011,TRUE,FALSE
233,CNCCCN1C2=CC=CC=C2SC3=CC=CC=C31,SMILES,0.59,log units,Muehlbacher2008,logBB,Muehlbacher_2011,TRUE,FALSE
234,CC1C(C(CC(O1)OC2C(OC(CC2O)OC3C(OC(CC3O)OC4CCC5(C(C4)CCC6C5CC(C7(C6(CCC7C8=CC(=O)OC8)O)C)O)C)C)C)O)O,SMILES,-1.23,log units,Muehlbacher2008,logBB,Muehlbacher_2011,TRUE,FALSE
235,CCCCOC(=O)C,SMILES,0.28,log units,Muehlbacher2008,logBB,Muehlbacher_2011,TRUE,FALSE
236,CC(C)CCOC(=O)C,SMILES,0.55,log units,Muehlbacher2008,logBB,Muehlbacher_2011,TRUE,FALSE
237,CCCCCCCC=C,SMILES,0.86,log units,Muehlbacher2008,logBB,Muehlbacher_2011,TRUE,FALSE
238,C(C(F)(F)F)(F)Br,SMILES,0.27,log units,Muehlbacher2008,logBB,Muehlbacher_2011,TRUE,FALSE
239,C(=C(Cl)Cl)(Cl)Cl,SMILES,0.37,log units,Muehlbacher2008,logBB,Muehlbacher_2011,TRUE,FALSE
240,C1=CC2=C3C(=C1)C=CC4=CC=CC(=C43)C=C2,SMILES,0.23,log units,Muehlbacher2008,logBB,Muehlbacher_2011,TRUE,FALSE
241,CC1C(C(CC(O1)OC2CC(CC3=C(C4=C(C(=C23)O)C(=O)C5=C(C4=O)C=CC=C5OC)O)(C(=O)CO)O)N)O,SMILES,-0.83,log units,Muehlbacher2008,logBB,Muehlbacher_2011,TRUE,FALSE
242,CN1CCCCC1CCN2C3=CC=CC=C3SC4=C2C=C(C=C4)S(=O)(=O)C,SMILES,0.18,log units,Muehlbacher2008,logBB,Muehlbacher_2011,TRUE,FALSE
243,CC1=CN(C(=O)NC1=O)C2CC(C(O2)CO)F,SMILES,-0.59,log units,Muehlbacher2008,logBB,Muehlbacher_2011,TRUE,FALSE
244,CON1C=C(C(=O)C2=CC3=C(C=C21)OCO3)C(=O)O,SMILES,-0.92,log units,Muehlbacher2008,logBB,Muehlbacher_2011,TRUE,FALSE
245,C(C(F)(F)F)(OC(F)F)F,SMILES,0.11,log units,Muehlbacher2008,logBB,Muehlbacher_2011,TRUE,FALSE
246,CCCCCCCC1(C(=O)NC(=O)NC1=O)CC,SMILES,0.02,log units,Muehlbacher2008,logBB,Muehlbacher_2011,TRUE,FALSE
247,CCCC1(C(=O)NC(=O)NC1=O)CC,SMILES,0.09,log units,Muehlbacher2008,logBB,Muehlbacher_2011,TRUE,FALSE
248,CCCN1CC(CC2C1CC3=CNC4=CC=CC2=C34)CSC,SMILES,0.3,log units,Muehlbacher2008,logBB,Muehlbacher_2011,TRUE,FALSE
249,CN=C(NCCSCC1=CSC(=N1)N=C(N)N)NC#N,SMILES,-0.82,log units,Muehlbacher2008,logBB,Muehlbacher_2011,TRUE,FALSE
250,CC1=NC=C(C=C1)CC2=CN=C(NC2=O)NCCSCC3=CC=C(O3)C(C)(C)N.Cl.Cl.Cl,SMILES,-1.06,log units,Muehlbacher2008,logBB,Muehlbacher_2011,TRUE,FALSE
251,CC1=NC=C(C=C1)CC2=CN=C(NC2=O)NCCSCC3=CC=C(O3)C(C)(C)N,SMILES,-1.06,log units,Muehlbacher2008,logBB,Muehlbacher_2011,TRUE,FALSE
252,CN1C(=NN=N1)SCC2=C(N3C(C(C3=O)(NC(=O)C4SC(=C(C(=O)N)C(=O)[O-])S4)OC)SC2)C(=O)[O-].[Na+].[Na+],SMILES,-1.89,log units,Muehlbacher2008,logBB,Muehlbacher_2011,TRUE,FALSE
253,CN1C(=NN=N1)SCC2=C(N3C(C(C3=O)(NC(=O)C4SC(=C(C(=O)N)C(=O)O)S4)OC)SC2)C(=O)O,SMILES,-1.89,log units,Muehlbacher2008,logBB,Muehlbacher_2011,TRUE,FALSE
254,CC1=NC=C(C=C1)CC2=CN=C(NC2=O)NCCCCC3=NC=C(C=C3C)Br,SMILES,-1.88,log units,Muehlbacher2008,logBB,Muehlbacher_2011,TRUE,FALSE
255,C1CN(CCN1CCNC(=O)C2=CC=C(C=C2)F)C3=C4C(=CC=C3)OC(CO4)CO,SMILES,-0.45,log units,Muehlbacher2008,logBB,Muehlbacher_2011,TRUE,FALSE
256,CC(C)(C)NC(=O)C1CN(CCN1CC(CC(CC2=CC=CC=C2)C(=O)NC3C(CC4=CC=CC=C34)O)O)CC5=CN=CC=C5,SMILES,-0.74,log units,Muehlbacher2008,logBB,Muehlbacher_2011,TRUE,FALSE
257,CCCN1C2=C(C(=O)N(C1=O)CCC)NC(=N2)C3CCC(=O)C3,SMILES,-1.4,log units,Muehlbacher2008,logBB,Muehlbacher_2011,TRUE,FALSE
258,CCC(C)(C)OC,SMILES,0.17,log units,Muehlbacher2008,logBB,Muehlbacher_2011,TRUE,FALSE
259,[Rn],SMILES,-0.12,log units,Muehlbacher2008,logBB,Muehlbacher_2011,TRUE,FALSE
260,CNCCCN1C2=CC=CC=C2SC3=C1C=C(C=C3)Cl,SMILES,1.38,log units,Muehlbacher2008,logBB,Muehlbacher_2011,TRUE,FALSE
261,CC1=C(C=CC=C1O)C(=O)NC(CSC2=CC=CC=C2)C(CN3CC4CCCCC4CC3C(=O)NC(C)(C)C)O.CS(=O)(=O)O,SMILES,-0.93,log units,Muehlbacher2008,logBB,Muehlbacher_2011,TRUE,FALSE
262,CC1=C(C=CC=C1O)C(=O)NC(CSC2=CC=CC=C2)C(CN3CC4CCCCC4CC3C(=O)NC(C)(C)C)O,SMILES,-0.93,log units,Muehlbacher2008,logBB,Muehlbacher_2011,TRUE,FALSE
263,CCC(CC(=O)N)(C1=CC=CC=C1)O,SMILES,0.04,log units,Muehlbacher2008,logBB,Muehlbacher_2011,TRUE,FALSE
264,CC(C)CN(CC(C(CC1=CC=CC=C1)NC(=O)OC2CCOC2)O)S(=O)(=O)C3=CC=C(C=C3)N,SMILES,-0.56,log units,Muehlbacher2008,logBB,Muehlbacher_2011,TRUE,FALSE
265,C1=CC=C(C=C1)C2=CC=C(C=C2)C(=O)O,SMILES,-1.26,log units,Muehlbacher2008,logBB,Muehlbacher_2011,TRUE,FALSE
266,CC12CCC3C(C1CC(C2O)F)CCC4=C3C=CC(=C4)O,SMILES,-0.3,log units,Muehlbacher2008,logBB,Muehlbacher_2011,TRUE,FALSE
267,CNC1CCC(C2=CC=CC=C12)C3=CC(=C(C=C3)Cl)Cl,SMILES,1.6,log units,Muehlbacher2008,logBB,Muehlbacher_2011,TRUE,FALSE
268,C1CC2=CC=CC=C2NC1,SMILES,0.67,log units,Muehlbacher2008,logBB,Muehlbacher_2011,TRUE,FALSE
269,CC1=NC=C(C=C1)CC2=CN=C(NC2=O)NCCCCC3=C(C=CC=N3)OC,SMILES,-2,log units,Muehlbacher2008,logBB,Muehlbacher_2011,TRUE,FALSE
270,C1=CC=C2C(=C1)N(C3=C(S2)C=CC(=C3)Cl)CCCN,SMILES,0.97,log units,Muehlbacher2008,logBB,Muehlbacher_2011,TRUE,FALSE
271,C=COCCCCOC=C,SMILES,0.12,log units,Muehlbacher2008,logBB,Muehlbacher_2011,TRUE,FALSE
272,CCN(C)C(=O)OC1=CC=CC(=C1)C(C)N(C)C,SMILES,0.88,log units,Muehlbacher2008,logBB,Muehlbacher_2011,TRUE,FALSE
273,CN(C)CCC1=CC=CC=N1,SMILES,-0.27,log units,Muehlbacher2008,logBB,Muehlbacher_2011,TRUE,FALSE
274,CC(C)(C)OC(=O)CCCC1=CC=C(C=C1)N(CCCl)CCCl,SMILES,1,log units,Muehlbacher2008,logBB,Muehlbacher_2011,TRUE,FALSE
275,C1=CSC(=N1)CCN,SMILES,-0.42,log units,Muehlbacher2008,logBB,Muehlbacher_2011,TRUE,FALSE
276,C1C(=O)NC2=C(C=C(C=C2)Cl)N(C1=O)C3=CC=CC=C3,SMILES,0.35,log units,Muehlbacher2008,logBB,Muehlbacher_2011,TRUE,FALSE
277,C1CN=C(N1)NC2=C(C=C(C=C2)Cl)Cl,SMILES,0.16,log units,Muehlbacher2008,logBB,Muehlbacher_2011,TRUE,FALSE
278,CC1CCC(C(C1)C)C,SMILES,1.02,log units,Muehlbacher2008,logBB,Muehlbacher_2011,TRUE,FALSE
279,C1CCN(CC1)CC2=CC(=CC=C2)OCCCNC3=NC4=CC=CC=C4S3,SMILES,0.14,log units,Muehlbacher2008,logBB,Muehlbacher_2011,TRUE,FALSE
280,C1=CN(C(=N1)[N+](=O)[O-])CC(CF)O,SMILES,-0.01,log units,Muehlbacher2008,logBB,Muehlbacher_2011,TRUE,FALSE
281,CC(C)(C)[N+](=O)C=C1C=CN(C=C1)[O-],SMILES,-0.38,log units,Muehlbacher2008,logBB,Muehlbacher_2011,TRUE,FALSE
282,CC1=CC(=O)N(N1C)C2=CC=C(C=C2)F,SMILES,-0.05,log units,Muehlbacher2008,logBB,Muehlbacher_2011,TRUE,FALSE
283,CCC1(C(=O)NC(=O)NC1=O)C,SMILES,-0.22,log units,Muehlbacher2008,logBB,Muehlbacher_2011,TRUE,FALSE
284,CC(C)C(CCCNCCC1=CC(=C(C=C1)OC)OC)(C#N)C2=CC(=C(C=C2)OC)OC,SMILES,-0.64,log units,Muehlbacher2008,logBB,Muehlbacher_2011,TRUE,FALSE
285,C1C2=CN=C(N2C3=C(C=C(C=C3)Cl)C(=N1)C4=CC=CC=C4F)CO,SMILES,-0.08,log units,Muehlbacher2008,logBB,Muehlbacher_2011,TRUE,FALSE
286,CC(C)(C)OC(=O)C1=C2C3CCCN3C(=O)C4=C(N2C=N1)C=CC=C4Br,SMILES,-0.09,log units,Muehlbacher2008,logBB,Muehlbacher_2011,TRUE,FALSE
287,CSC1=CC2=C(C=C1)SC3=CC=CC=C3N2CCC4CCCNC4,SMILES,0.76,log units,Muehlbacher2008,logBB,Muehlbacher_2011,TRUE,FALSE
288,CC1=C(C(=O)N2CCCC(C2=N1)O)CCN3CCC(CC3)C4=NOC5=C4C=CC(=C5)F,SMILES,-0.67,log units,Muehlbacher2008,logBB,Muehlbacher_2011,TRUE,FALSE
289,CN1CN(C2(C1=O)CCN(CC2)CCCC(=O)C3=CC=C(C=C3)F)C4=CC=CC=C4,SMILES,0.46,log units,Muehlbacher2008,logBB,Muehlbacher_2011,TRUE,FALSE
290,CC1C(=O)NC2(CCCC2)C(=O)N1,SMILES,-0.26,log units,Muehlbacher2008,logBB,Muehlbacher_2011,TRUE,FALSE
291,CNCCCN1C2=C(CCC3=CC=CC=C31)C=C(C=C2)O,SMILES,0.53,log units,Muehlbacher2008,logBB,Muehlbacher_2011,TRUE,FALSE
292,CC1=NC=C2N1C3=C(C=C(C=C3)Cl)C(=NC2O)C4=CC=CC=C4F,SMILES,-0.22,log units,Muehlbacher2008,logBB,Muehlbacher_2011,TRUE,FALSE
293,CCOC(=O)C1=C2CN(C(=O)C3=C(N2C=N1)C=CC(=C3)F)CCF,SMILES,-0.14,log units,Muehlbacher2008,logBB,Muehlbacher_2011,TRUE,FALSE
294,CC(C)(C)OC(=O)C1=C2CN(C(=O)C3=C(N2C=N1)C=CS3)C,SMILES,-0.25,log units,Muehlbacher2008,logBB,Muehlbacher_2011,TRUE,FALSE
295,CC(C)C1=NC(=NO1)C2=C3CN(C(=O)C4=C(N3C=N2)C=CC=C4Cl)C,SMILES,-0.3,log units,Muehlbacher2008,logBB,Muehlbacher_2011,TRUE,FALSE
296,CCCN(CCC)CCC1=C2CC(=O)NC2=C(C=C1)O,SMILES,-0.43,log units,Muehlbacher2008,logBB,Muehlbacher_2011,TRUE,FALSE
297,C1CN(CCC12C(=O)NCN2C3=CC=C(C=C3)Br)CCCC(=O)C4=CC=C(C=C4)F,SMILES,0.07,log units,Muehlbacher2008,logBB,Muehlbacher_2011,TRUE,FALSE
298,C1CC2=CC=CC=C2N(C3=CC=CC=C31)CCCN,SMILES,1.05,log units,Muehlbacher2008,logBB,Muehlbacher_2011,TRUE,FALSE
299,C1C2=NN=C(N2C3=C(C=C(C=C3)Cl)C(=N1)C4=CC=CC=C4)CO,SMILES,-1.28,log units,Muehlbacher2008,logBB,Muehlbacher_2011,TRUE,FALSE
300,CC1=CC=CC2=C1OC3=CC=CC=C3C4(C2CN(CC4)C)O,SMILES,0.82,log units,Muehlbacher2008,logBB,Muehlbacher_2011,TRUE,FALSE
301,CN1C2CCC1CC(C2)OC(=O)C(CO)C3=CC=CC=C3,SMILES,-0.06,log units,Muehlbacher2008,logBB,Muehlbacher_2011,TRUE,FALSE
302,CC1=NN=C2N1C3=C(C=C(C=C3)Cl)C(=NC2O)C4=CC=CC=C4,SMILES,-1.48,log units,Muehlbacher2008,logBB,Muehlbacher_2011,TRUE,FALSE
303,CC12CCN(C1N(C3=C2C=C(C=C3)OC(=O)NC4=CC=CC=C4)C)C,SMILES,1,log units,Muehlbacher2008,logBB,Muehlbacher_2011,TRUE,FALSE
304,C1CCNC2=C(C1)C=CC(=C2)C(=O)CCC3CCN(CC3)CC4=CC=CC=C4,SMILES,1.14,log units,Muehlbacher2008,logBB,Muehlbacher_2011,TRUE,FALSE
305,CC1C2=CC=CC=C2CCN1C3=NC(=NC(=C3C)C)NC4=CC=C(C=C4)F,SMILES,0.68,log units,Muehlbacher2008,logBB,Muehlbacher_2011,TRUE,FALSE
306,CC(C)(C)NC(=O)C1CC2CCCCC2CN1CC(C(CC3=CC=CC=C3)NC(=O)C(CC(=O)N)NC(=O)C4=NC5=CC=CC=C5C=C4)O,SMILES,-0.95,log units,Muehlbacher2008,logBB,Muehlbacher_2011,TRUE,FALSE
307,CC1CC2=C(CCC(=O)C2)C3C1C4CCC(C4(CC3)C)(C#C)O,SMILES,0.4,log units,Muehlbacher2008,logBB,Muehlbacher_2011,TRUE,FALSE
308,C1CN(CC1C(C2=CC=CC=C2)(C3=CC=CC=C3)C(=O)N)CCC4=CC5=C(C=C4)OCC5,SMILES,-0.62,log units,Muehlbacher2008,logBB,Muehlbacher_2011,TRUE,FALSE
309,CC1=C(C(=O)N2CC(CCC2=N1)O)CCN3CCC(CC3)C4=NOC5=C4C=CC(=C5)F,SMILES,-0.67,log units,Muehlbacher2008,logBB,Muehlbacher_2011,TRUE,FALSE
310,CN(C)CCCN1C2=CC=CC=C2S(=O)C3=CC=CC=C31,SMILES,-0.48,log units,Muehlbacher2008,logBB,Muehlbacher_2011,TRUE,FALSE
311,C(=CCl)Cl,SMILES,0.04,log units,Muehlbacher2008,logBB,Muehlbacher_2011,TRUE,FALSE
312,C(=CCl)Cl,SMILES,-0.13,log units,Muehlbacher2008,logBB,Muehlbacher_2011,TRUE,FALSE
313,CCC(=C(C1=CC=CC=C1)C2=CC=C(C=C2)OCCN(C)C)C3=CC=CC=C3,SMILES,0.92,log units,Muehlbacher2008,logBB,Muehlbacher_2011,TRUE,FALSE
314,CC1=CSC(=N1)N=C(N)N,SMILES,-0.04,log units,Muehlbacher2008,logBB,Muehlbacher_2011,TRUE,FALSE
315,CCCC(C)C1(C(=O)NC(=S)NC1=O)CC,SMILES,-0.19,log units,Muehlbacher2008,logBB,Muehlbacher_2011,TRUE,FALSE
316,C1CCC(CC1)NC(=S)N2CCC(CC2)C3=CN=CN3,SMILES,-0.17,log units,Muehlbacher2008,logBB,Muehlbacher_2011,TRUE,FALSE
317,C1=CC=C(C=C1)C2=CSC(=N2)N=C(N)N,SMILES,-0.18,log units,Muehlbacher2008,logBB,Muehlbacher_2011,TRUE,FALSE
318,CCC(C1=CC=CC=C1)NC(=O)C2=C(C(=NC3=CC=CC=C32)C4=CC=CC=C4)C,SMILES,0.3,log units,Muehlbacher2008,logBB,Muehlbacher_2011,TRUE,FALSE
319,C1=CC(=CC=C1C2=COC3=C(C2=O)C=CC(=C3)O)O,SMILES,-0.15,log units,Muehlbacher2008,logBB,Muehlbacher_2011,TRUE,FALSE
320,CN1CCC23C4C1CC5=C2C(=C(C=C5)OC)OC3C(C=C4)O,SMILES,0.45,log units,Muehlbacher2008,logBB,Muehlbacher_2011,TRUE,FALSE
321,CN1CCC23C4C1CC5=C2C(=C(C=C5)O)OC3C(C=C4)O,SMILES,-0.26,log units,Muehlbacher2008,logBB,Muehlbacher_2011,TRUE,FALSE
322,COCCCCC(=NOCCN)C1=CC=C(C=C1)C(F)(F)F,SMILES,0.79,log units,Muehlbacher2008,logBB,Muehlbacher_2011,TRUE,FALSE
323,CN1CCC23CCCCC2C1CC4=C3C=C(C=C4)O,SMILES,0,log units,Muehlbacher2008,logBB,Muehlbacher_2011,TRUE,FALSE
324,CCCC(=O)C1=CC2=C(C=C1)SC3=CC=CC=C3N2CCCN4CCN(CC4)C.C(=CC(=O)O)C(=O)O.C(=CC(=O)O)C(=O)O,SMILES,0.83,log units,Muehlbacher2008,logBB,Muehlbacher_2011,TRUE,FALSE
325,CCC1C(=O)N(CC(=O)N(C(C(=O)NC(C(=O)N(C(C(=O)NC(C(=O)NC(C(=O)N(C(C(=O)N(C(C(=O)N(C(C(=O)N(C(C(=O)N1)C(C(C)C=CC)O)C)CC(C)C)C)CC(C)C)C)CC(C)C)C)C)C)CC(C)C)C)C(C)C)CC(C)C)C)C,SMILES,-0.78,log units,Muehlbacher2008,logBB,Muehlbacher_2011,TRUE,FALSE
326,C1=CC=C(C=C1)C2=CSC(=N2)CC[NH3+],SMILES,-0.87,log units,Muehlbacher2008,logBB,Muehlbacher_2011,TRUE,FALSE
327,C1CN(CCN1)C2=NC(=C(C=C2)C(F)(F)F)Cl,SMILES,1.64,log units,Muehlbacher2008,logBB,Muehlbacher_2011,TRUE,FALSE
328,C=CCC(C1=CC=CC=C1C2=NOC3=CC=CC=C32)N,SMILES,0,log units,Muehlbacher2008,logBB,Muehlbacher_2011,TRUE,FALSE
329,C1CN(CCC1COC2=CC=C(C=C2)C#N)CC=CI,SMILES,1.13,log units,Muehlbacher2008,logBB,Muehlbacher_2011,TRUE,FALSE
330,CN1CC2C(C1)C3=C(C=CC(=C3)Cl)OC4=CC=CC=C24,SMILES,1.03,log units,Muehlbacher2008,logBB,Muehlbacher_2011,TRUE,FALSE
331,C1CC(=O)N(C1)CCCCN2CCN(CC2)C3=NC=CC(=C3)C(F)(F)F,SMILES,0.16,log units,Muehlbacher2008,logBB,Muehlbacher_2011,TRUE,FALSE
332,CC(=O)NCCCOC1=CC=CC(=C1)CN2CCCCC2,SMILES,-0.46,log units,Muehlbacher2008,logBB,Muehlbacher_2011,TRUE,FALSE
333,C(CSC(=N)N)F,SMILES,-0.27,log units,Muehlbacher2008,logBB,Muehlbacher_2011,TRUE,FALSE
334,C1CCN(CC1)CC2=CC(=CC=C2)OCCCNC3=CC=CC=N3,SMILES,0.69,log units,Muehlbacher2008,logBB,Muehlbacher_2011,TRUE,FALSE
335,CC(CO)(C1=NC(=NO1)C2=C3CN(C(=O)C4=C(N3C=N2)C=CC=C4Cl)C)O,SMILES,-1.82,log units,Muehlbacher2008,logBB,Muehlbacher_2011,TRUE,FALSE
336,CC(C)(C)[N+](=CC1=CC=CC=C1)[O-],SMILES,0.05,log units,Muehlbacher2008,logBB,Muehlbacher_2011,TRUE,FALSE
337,C1=CN(C(=N1)[N+](=O)[O-])CCCF,SMILES,-0.24,log units,Muehlbacher2008,logBB,Muehlbacher_2011,TRUE,FALSE
338,C1=CN(C(=N1)[N+](=O)[O-])CCCCCCCCF,SMILES,-0.17,log units,Muehlbacher2008,logBB,Muehlbacher_2011,TRUE,FALSE
339,CC(C)(C1=NC(=NO1)C2=C3CN(C(=O)C4=C(N3C=N2)C=CC=C4Cl)C)O,SMILES,-1.34,log units,Muehlbacher2008,logBB,Muehlbacher_2011,TRUE,FALSE
340,C1CCN(CC1)CC2=CC(=CC=C2)OCCCO,SMILES,-0.02,log units,Muehlbacher2008,logBB,Muehlbacher_2011,TRUE,FALSE
341,C1=CC(=C(C=C1C2=NC3=C(S2)C=C(C=C3)O)I)N,SMILES,0.18,log units,Muehlbacher2008,logBB,Muehlbacher_2011,TRUE,FALSE
342,CC[CH][C]([CH2])CC,SMILES,0.9,log units,Muehlbacher2008,logBB,Muehlbacher_2011,TRUE,FALSE
343,C1CCN(CC1)CC2=CC(=C(C=C2)I)CN3CCCCC3,SMILES,0.98,log units,Muehlbacher2008,logBB,Muehlbacher_2011,TRUE,FALSE
344,CN(C)C1=NC=CC(=C1)C2=NC(=NN2)N,SMILES,-1.17,log units,Muehlbacher2008,logBB,Muehlbacher_2011,TRUE,FALSE
345,CCCCCCN1CCN(CC1)C2=CC=C(C=C2)I,SMILES,1.01,log units,Muehlbacher2008,logBB,Muehlbacher_2011,TRUE,FALSE
346,CCCCCCCCC1(C(=O)NC(=O)NC1=O)CC,SMILES,0.24,log units,Muehlbacher2008,logBB,Muehlbacher_2011,TRUE,FALSE
347,C1=CC(=C(N=C1)CSCCNC2=C(C=CN2)[N+](=O)[O-])Br,SMILES,-0.67,log units,Muehlbacher2008,logBB,Muehlbacher_2011,TRUE,FALSE
348,C1=CC=NC(=C1)CSCCNC2=C(C=CN2)[N+](=O)[O-],SMILES,-0.66,log units,Muehlbacher2008,logBB,Muehlbacher_2011,TRUE,FALSE
349,C1=CC=C(C=C1)CC2=CNC(=C2[N+](=O)[O-])NCCSCC3=CC=CC=N3,SMILES,-0.12,log units,Muehlbacher2008,logBB,Muehlbacher_2011,TRUE,FALSE
350,CN(C)CC1=CC=C(O1)CSCCNC2=C(C(=CN2)CC3=CC=CC=C3)[N+](=O)[O-],SMILES,-0.73,log units,Muehlbacher2008,logBB,Muehlbacher_2011,TRUE,FALSE
351,C1CCN(CC1)CC2=CC(=CC=C2)OCCCNC3=NC=CS3,SMILES,0.44,log units,Muehlbacher2008,logBB,Muehlbacher_2011,TRUE,FALSE
352,C1CCN(CC1)CC2=CC(=CC=C2)OCCCNC3=NC4=CC=CC=C4O3,SMILES,0.22,log units,Muehlbacher2008,logBB,Muehlbacher_2011,TRUE,FALSE
353,C1=CC(=CC(=C1)N)C2=CSC(=N2)N=C(N)N,SMILES,-1.15,log units,Muehlbacher2008,logBB,Muehlbacher_2011,TRUE,FALSE
354,CCNC(=NCCSCC1=C(C=CC=N1)Br)NC#N,SMILES,-2.15,log units,Muehlbacher2008,logBB,Muehlbacher_2011,TRUE,FALSE
355,CN=C(NC#N)NC1=CC=CC(=C1)C2=CSC(=N2)N=C(N)N,SMILES,-1.54,log units,Muehlbacher2008,logBB,Muehlbacher_2011,TRUE,FALSE
356,CC12CCC3C(C1CC(C2O)F)CCC4=C3C=CC(=C4)O,SMILES,-0.3,log units,Muehlbacher2008,logBB,Muehlbacher_2011,TRUE,FALSE
357,C(C(Cl)Br)C(F)(F)F,SMILES,0.35,log units,Muehlbacher2008,logBB,Muehlbacher_2011,TRUE,FALSE
358,CC1=CC=CC2=C1OC3=CC=CC=C3C4(C2CNCC4)O,SMILES,0.52,log units,Muehlbacher2008,logBB,Muehlbacher_2011,TRUE,FALSE
359,C(C(F)Br)C(F)(F)F,SMILES,0.27,log units,Muehlbacher2008,logBB,Muehlbacher_2011,TRUE,FALSE
360,C[NH2+]CCCN1C2=C(CCC3=CC=CC=C31)C=C(C=C2)O,SMILES,0.53,log units,Muehlbacher2008,logBB,Muehlbacher_2011,TRUE,FALSE
361,C1=CSC(=N1)CC[NH3+],SMILES,-0.58,log units,Muehlbacher2008,logBB,Muehlbacher_2011,TRUE,FALSE
362,C1C2CNC(C1C3=CC=CC(=O)N3C2)Br,SMILES,-0.05,log units,Muehlbacher2008,logBB,Muehlbacher_2011,TRUE,FALSE
